dataset,degree,alpha,terms,cv_mse_mean,cv_mse_std,cv_r2_mean,cv_r2_std
var1,5,10.0,461,0.5516125446007389,0.057203155906588095,0.9434039136831931,0.005048628526233829
var1,5,100.0,461,0.6736643910584739,0.09403924160934901,0.9314079861109361,0.003200388250432026
var1,5,1.0,461,0.9136686315208404,0.0977329788269515,0.9052904704752678,0.015654815194017162
var1,6,10.0,923,0.6318326311594913,0.05693239114686429,0.9351437464815795,0.005585004831625777
var1,6,100.0,923,0.6638401964959801,0.07039462180854716,0.9321435722878538,0.0029262867013983983
var1,6,1.0,923,1.2937806175749782,0.17374719720638113,0.8653528977165064,0.028329477399800802
var1,4,10.0,209,0.6997218532687339,0.07591023834476059,0.9279536024445688,0.009522539836682206
var1,4,1.0,209,0.7795908850698294,0.13201625185886504,0.9197802888397923,0.014626481926739715
var1,4,0.1,209,0.8207708575381455,0.14349151545185462,0.9155969092120877,0.015520926558626367
var1,7,10.0,1715,0.7581540498904601,0.051432467956839686,0.9219766603078192,0.007222518990705785
var1,7,100.0,1715,0.691405964701001,0.06731869347440698,0.9292547987283795,0.003113701367669217
var1,7,1.0,1715,1.4412019540916652,0.1605072396467146,0.8517526731424114,0.019524063057607594
var2,10,1.0,285,0.2784557739527702,0.0272757186509686,0.9930477208635289,0.0010515121589619858
var2,10,0.1,285,0.2912259348066312,0.027568810307662225,0.9927397261091823,0.0010420662938849402
var2,10,0.01,285,0.3377879584222373,0.03329171765626952,0.9916055977989474,0.0010825940870446676
var2,12,1.0,454,0.2781501663522591,0.020249202241062653,0.9930539629768171,0.0009801320879570085
var2,12,10.0,454,0.3065833238567468,0.027655430939474538,0.9923292976246578,0.001228181356268645
var2,12,0.1,454,0.31438111969809795,0.02423983075040846,0.9921776484272282,0.0009515338176474313
var2,8,0.1,164,0.29412839132995733,0.03309550054660261,0.9926788177008546,0.001047712261815788
var2,8,0.01,164,0.2975853936221995,0.03359401708675377,0.9926041951220814,0.001028520096440748
var2,8,0.0001,164,0.3082661252179145,0.03723832594788638,0.9923371654844383,0.001160493021975658
var2,11,1.0,363,0.28672336111840363,0.0255879920015199,0.9928409857235796,0.0010619701732862896
var2,11,0.1,363,0.3083001030910192,0.026804012517396083,0.9923335845551335,0.0009532711824156156
var2,11,10.0,363,0.3252173915587269,0.03276998371014489,0.991860428385092,0.001348717028496121
