dataset,degree,regularization,alpha,status,mse
var1,1,L1,1.0,converged,10.472157044277791
var1,1,L1,0.3,converged,9.818779954766757
var1,1,L1,0.1,converged,9.519681919122476
var1,1,L1,0.03,converged,9.506109346015544
var1,1,L1,0.01,converged,9.504384061426558
var1,1,L1,0.003,converged,9.506476578936315
var1,1,L1,0.001,converged,9.50723038002014
var1,1,L1,0.0003,converged,9.50750755593566
var1,1,L1,0.0001,converged,9.507586821648694
var1,1,L2,100.0,converged,9.498990976259503
var1,1,L2,10.0,converged,9.503227732923408
var1,1,L2,1.0,converged,9.507132896896632
var1,1,L2,0.1,converged,9.507578291800865
var1,1,L2,0.01,converged,9.507623409955677
var1,1,L2,0.001,converged,9.507627927589105
var1,1,L2,0.0001,converged,9.50762837941066
var1,2,L1,1.0,converged,9.712190509175985
var1,2,L1,0.3,converged,4.365077373131909
var1,2,L1,0.1,converged,3.3578857322982207
var1,2,L1,0.03,converged,3.2613414529019145
var1,2,L1,0.01,converged,3.276249236896963
var1,2,L1,0.003,converged,3.3028999352826496
var1,2,L1,0.001,converged,3.311983191770147
var1,2,L1,0.0003,converged,3.3152890605783383
var1,2,L1,0.0001,converged,3.3162121993648315
var1,2,L2,100.0,converged,3.4293295592571047
var1,2,L2,10.0,converged,3.298713870530255
var1,2,L2,1.0,converged,3.3142882140057526
var1,2,L2,0.1,converged,3.3164316950622172
var1,2,L2,0.01,converged,3.3166524787212732
var1,2,L2,0.001,converged,3.3166746220696592
var1,2,L2,0.0001,converged,3.316676837054955
var1,3,L1,1.0,converged,9.188426983625297
var1,3,L1,0.3,converged,2.8439508818818284
var1,3,L1,0.1,converged,1.4493881325243125
var1,3,L1,0.03,converged,1.1136503597932659
var1,3,L1,0.01,converged,1.0753320097311205
var1,3,L1,0.003,converged,1.0919653035769057
var1,3,L1,0.001,converged,1.101793637367793
var1,3,L1,0.0003,converged,1.1077092673760343
var1,3,L1,0.0001,converged,1.1098656803158697
var1,3,L2,100.0,converged,1.4136009459430383
var1,3,L2,10.0,converged,1.100446852461483
var1,3,L2,1.0,converged,1.1063465443812037
var1,3,L2,0.1,converged,1.1104256611653711
var1,3,L2,0.01,converged,1.11092039864171
var1,3,L2,0.001,converged,1.1109708710863706
var1,3,L2,0.0001,converged,1.1109759284670917
var1,4,L1,1.0,converged,9.188694329817299
var1,4,L1,0.3,converged,2.682772981790407
var1,4,L1,0.1,converged,1.1791361290541118
var1,4,L1,0.03,converged,0.7502168446031997
var1,4,L1,0.01,converged,0.6683505686270592
var1,4,L1,0.003,converged,0.6887894621716774
var1,4,L1,0.001,converged,0.754362946784635
var1,4,L1,0.0003,converged,0.8384014637989229
var1,4,L1,0.0001,converged,0.875420717844261
var1,4,L2,100.0,converged,0.9613775029907796
var1,4,L2,10.0,converged,0.7217617272234506
var1,4,L2,1.0,converged,0.8370140894656396
var1,4,L2,0.1,converged,0.8881260821601599
var1,4,L2,0.01,converged,0.894816925371722
var1,4,L2,0.001,converged,0.895507289517957
var1,4,L2,0.0001,converged,0.8955765465887453
var1,5,L1,1.0,converged,9.129334941153477
var1,5,L1,0.3,converged,2.4685188193095824
var1,5,L1,0.1,converged,0.9934109841422304
var1,5,L1,0.03,converged,0.4762935762395578
var1,5,L1,0.01,converged,0.41780530670461774
var1,5,L1,0.003,converged,0.4701322473077474
var1,5,L1,0.001,converged,0.5398976325119151
var1,5,L1,0.0003,excluded: non-convergence,
var1,5,L1,0.0001,excluded: non-convergence,
var1,5,L2,100.0,converged,0.7518714624375821
var1,5,L2,10.0,converged,0.6275213937298453
var1,5,L2,1.0,converged,0.8783898173114764
var1,5,L2,0.1,converged,1.9032851382095626
var1,5,L2,0.01,converged,2.8649678494990964
var1,5,L2,0.001,converged,3.2097597369300903
var1,5,L2,0.0001,converged,3.256943675359037
var1,6,L1,1.0,converged,9.129334941153477
var1,6,L1,0.3,converged,2.49460050059224
var1,6,L1,0.1,converged,0.992992541431913
var1,6,L1,0.03,converged,0.4877744734191648
var1,6,L1,0.01,converged,0.4178769107923725
var1,6,L1,0.003,converged,0.44531416792466927
var1,6,L1,0.001,converged,0.6110633842215157
var1,6,L1,0.0003,excluded: non-convergence,
var1,6,L1,0.0001,excluded: non-convergence,
var1,6,L2,100.0,converged,0.7389599769192315
var1,6,L2,10.0,converged,0.6717133040893697
var1,6,L2,1.0,converged,1.183517565806684
var1,6,L2,0.1,converged,3.2843623539869133
var1,6,L2,0.01,converged,6.27879855326552
var1,6,L2,0.001,converged,7.401042492245454
var1,6,L2,0.0001,converged,7.56133112201872
var1,7,L1,1.0,converged,9.115689972294062
var1,7,L1,0.3,converged,2.4378195871794994
var1,7,L1,0.1,converged,0.9700583031784754
var1,7,L1,0.03,converged,0.49663822113979705
var1,7,L1,0.01,converged,0.4548764651237247
var1,7,L1,0.003,converged,0.4988464474490927
var1,7,L1,0.001,excluded: non-convergence,
var1,7,L1,0.0003,excluded: non-convergence,
var1,7,L1,0.0001,excluded: non-convergence,
var1,7,L2,100.0,converged,0.7970875463984852
var1,7,L2,10.0,converged,0.7768638352853406
var1,7,L2,1.0,converged,1.3146582938144815
var1,7,L2,0.1,converged,2.2232191355603628
var1,7,L2,0.01,converged,2.981234944105304
var1,7,L2,0.001,converged,3.158311135653514
var1,7,L2,0.0001,converged,3.1784587160814666
var1,8,L1,1.0,converged,9.115689972294062
var1,8,L1,0.3,converged,2.453850593294116
var1,8,L1,0.1,converged,0.9737645208820345
var1,8,L1,0.03,converged,0.4988459074683543
var1,8,L1,0.01,converged,0.4603406967678974
var1,8,L1,0.003,converged,0.5789506335127633
var1,8,L1,0.001,excluded: non-convergence,
var1,8,L1,0.0003,excluded: non-convergence,
var1,8,L1,0.0001,excluded: non-convergence,
var1,8,L2,100.0,converged,0.8027305536497067
var1,8,L2,10.0,converged,0.9400298768174941
var1,8,L2,1.0,converged,1.4956841643115586
var1,8,L2,0.1,converged,2.1397145284820063
var1,8,L2,0.01,converged,2.595730767238263
var1,8,L2,0.001,converged,2.6806357540926227
var1,8,L2,0.0001,converged,2.689867281520872
var1,9,L1,1.0,converged,9.110624643802986
var1,9,L1,0.3,converged,2.460796851824923
var1,9,L1,0.1,converged,0.9699298323467996
var1,9,L1,0.03,converged,0.4963909338523038
var1,9,L1,0.01,converged,0.4791029115313089
var1,9,L1,0.003,converged,0.6360054431995134
var1,9,L1,0.001,excluded: non-convergence,
var1,9,L1,0.0003,excluded: non-convergence,
var1,9,L1,0.0001,excluded: non-convergence,
var1,9,L2,100.0,converged,0.9846214750838562
var1,9,L2,10.0,converged,1.1341081923640641
var1,9,L2,1.0,converged,1.6618151896594642
var1,9,L2,0.1,converged,2.4818907876347245
var1,9,L2,0.01,converged,3.0068957439671657
var1,9,L2,0.001,converged,3.093471430182327
var1,9,L2,0.0001,converged,3.1026960964508965
var1,10,L1,1.0,converged,9.110624643802986
var1,10,L1,0.3,converged,2.4641909388455114
var1,10,L1,0.1,converged,0.9774345751281711
var1,10,L1,0.03,converged,0.5004573028491874
var1,10,L1,0.01,converged,0.4857570070202544
var1,10,L1,0.003,converged,0.6427721997563028
var1,10,L1,0.001,excluded: non-convergence,
var1,10,L1,0.0003,excluded: non-convergence,
var1,10,L1,0.0001,excluded: non-convergence,
var1,10,L2,100.0,converged,1.0108215686466777
var1,10,L2,10.0,converged,1.2964545796144091
var1,10,L2,1.0,converged,1.8840625791385088
var1,10,L2,0.1,converged,2.8629166721502726
var1,10,L2,0.01,converged,3.4049630398741253
var1,10,L2,0.001,converged,3.487668265706243
var1,10,L2,0.0001,converged,3.4963787995662923
var2,1,L1,1.0,converged,28.72512964312873
var2,1,L1,0.3,converged,26.839294986202432
var2,1,L1,0.1,converged,26.304739990287803
var2,1,L1,0.03,converged,26.112558294197196
var2,1,L1,0.01,converged,26.062955215938924
var2,1,L1,0.003,converged,26.04615127676034
var2,1,L1,0.001,converged,26.041403825008118
var2,1,L1,0.0003,converged,26.039747172585862
var2,1,L1,0.0001,converged,26.039274334468736
var2,1,L2,100.0,converged,26.467304494081873
var2,1,L2,10.0,converged,26.06945507601945
var2,1,L2,1.0,converged,26.041901316779576
var2,1,L2,0.1,converged,26.03932249551597
var2,1,L2,0.01,converged,26.039066448361055
var2,1,L2,0.001,converged,26.039040862066585
var2,1,L2,0.0001,converged,26.039038303621417
var2,2,L1,1.0,converged,21.96710733494384
var2,2,L1,0.3,converged,18.958447430844114
var2,2,L1,0.1,converged,18.40537864246377
var2,2,L1,0.03,converged,18.421822503072413
var2,2,L1,0.01,converged,18.449433466160702
var2,2,L1,0.003,converged,18.4615023764868
var2,2,L1,0.001,converged,18.46517981485471
var2,2,L1,0.0003,converged,18.466490981869775
var2,2,L1,0.0001,converged,18.466867893322156
var2,2,L2,100.0,converged,18.66037312650268
var2,2,L2,10.0,converged,18.441749216160105
var2,2,L2,1.0,converged,18.463909545468056
var2,2,L2,0.1,converged,18.46673562987996
var2,2,L2,0.01,converged,18.46702455667075
var2,2,L2,0.001,converged,18.467053512757165
var2,2,L2,0.0001,converged,18.467056409000108
var2,3,L1,1.0,converged,18.66152139007902
var2,3,L1,0.3,converged,13.90465688769499
var2,3,L1,0.1,converged,11.403648462137717
var2,3,L1,0.03,converged,10.907303528385665
var2,3,L1,0.01,converged,10.776478414242476
var2,3,L1,0.003,converged,10.74912686490401
var2,3,L1,0.001,converged,10.74334943908193
var2,3,L1,0.0003,converged,10.741544578381035
var2,3,L1,0.0001,converged,10.741048395612383
var2,3,L2,100.0,converged,12.518033358101679
var2,3,L2,10.0,converged,10.861118470823772
var2,3,L2,1.0,converged,10.742146495072504
var2,3,L2,0.1,converged,10.740763038701786
var2,3,L2,0.01,converged,10.740797969206534
var2,3,L2,0.001,converged,10.74080329529088
var2,3,L2,0.0001,converged,10.740803846334472
var2,4,L1,1.0,converged,15.167343139204336
var2,4,L1,0.3,converged,8.66515463703961
var2,4,L1,0.1,converged,4.876924056212985
var2,4,L1,0.03,converged,3.5072557544856036
var2,4,L1,0.01,converged,3.097677510305752
var2,4,L1,0.003,converged,3.031456559796301
var2,4,L1,0.001,converged,3.0217606600631255
var2,4,L1,0.0003,converged,3.0193252014918825
var2,4,L1,0.0001,converged,3.018719837625397
var2,4,L2,100.0,converged,6.348169757119863
var2,4,L2,10.0,converged,3.379197737069528
var2,4,L2,1.0,converged,3.0359064835708343
var2,4,L2,0.1,converged,3.0197564562555543
var2,4,L2,0.01,converged,3.0185601131264392
var2,4,L2,0.001,converged,3.01844513266151
var2,4,L2,0.0001,converged,3.018433681664665
var2,5,L1,1.0,converged,14.378997496600556
var2,5,L1,0.3,converged,6.602980981123531
var2,5,L1,0.1,converged,3.3455589367631338
var2,5,L1,0.03,converged,1.7177121650539504
var2,5,L1,0.01,converged,1.3918791659285465
var2,5,L1,0.003,converged,1.4063998822777024
var2,5,L1,0.001,converged,1.4131535965547612
var2,5,L1,0.0003,converged,1.4211827781509345
var2,5,L1,0.0001,converged,1.4242058869281902
var2,5,L2,100.0,converged,3.8397170159797556
var2,5,L2,10.0,converged,1.5937714574068889
var2,5,L2,1.0,converged,1.404564799142183
var2,5,L2,0.1,converged,1.4223470879789994
var2,5,L2,0.01,converged,1.4254535182650567
var2,5,L2,0.001,converged,1.4257899513964838
var2,5,L2,0.0001,converged,1.4258238859799897
var2,6,L1,1.0,converged,12.928832763260129
var2,6,L1,0.3,converged,5.21407068314473
var2,6,L1,0.1,converged,2.1349206901753957
var2,6,L1,0.03,converged,1.1477952661129978
var2,6,L1,0.01,converged,0.8194376881773793
var2,6,L1,0.003,converged,0.6897632719591212
var2,6,L1,0.001,converged,0.6190567118532441
var2,6,L1,0.0003,converged,0.6047469127474316
var2,6,L1,0.0001,converged,0.6022226005184403
var2,6,L2,100.0,converged,2.3215385700217364
var2,6,L2,10.0,converged,0.8795561118418428
var2,6,L2,1.0,converged,0.6521883921114529
var2,6,L2,0.1,converged,0.606494501288448
var2,6,L2,0.01,converged,0.6022235154936137
var2,6,L2,0.001,converged,0.6019476339875969
var2,6,L2,0.0001,converged,0.60192245148079
var2,7,L1,1.0,converged,12.906313590734936
var2,7,L1,0.3,converged,4.577315959875404
var2,7,L1,0.1,converged,1.6491227924860805
var2,7,L1,0.03,converged,0.9572989851927232
var2,7,L1,0.01,converged,0.6568462528129412
var2,7,L1,0.003,converged,0.49089961591783093
var2,7,L1,0.001,converged,0.41826362797349914
var2,7,L1,0.0003,excluded: non-convergence,
var2,7,L1,0.0001,excluded: non-convergence,
var2,7,L2,100.0,converged,1.5247963624245393
var2,7,L2,10.0,converged,0.667916630974376
var2,7,L2,1.0,converged,0.4450509304582934
var2,7,L2,0.1,converged,0.3999711966499693
var2,7,L2,0.01,converged,0.4055460193235804
var2,7,L2,0.001,converged,0.4065343893875752
var2,7,L2,0.0001,converged,0.4066252102272959
var2,8,L1,1.0,converged,12.816330420116799
var2,8,L1,0.3,converged,4.285854317539181
var2,8,L1,0.1,converged,1.4998690183505758
var2,8,L1,0.03,converged,0.7454378910194492
var2,8,L1,0.01,converged,0.47523811350727074
var2,8,L1,0.003,converged,0.36316578200487093
var2,8,L1,0.001,excluded: non-convergence,
var2,8,L1,0.0003,excluded: non-convergence,
var2,8,L1,0.0001,excluded: non-convergence,
var2,8,L2,100.0,converged,1.0556003077387826
var2,8,L2,10.0,converged,0.44936533445748855
var2,8,L2,1.0,converged,0.3216997090777651
var2,8,L2,0.1,converged,0.2937038417374461
var2,8,L2,0.01,converged,0.30030177883118503
var2,8,L2,0.001,converged,0.3059839944013901
var2,8,L2,0.0001,converged,0.3069848804951297
var2,9,L1,1.0,converged,12.870220295672038
var2,9,L1,0.3,converged,4.27968301216204
var2,9,L1,0.1,converged,1.310096158943353
var2,9,L1,0.03,converged,0.7199166690505976
var2,9,L1,0.01,converged,0.43361646995633746
var2,9,L1,0.003,converged,0.34899279476847467
var2,9,L1,0.001,converged,0.30320766667965154
var2,9,L1,0.0003,excluded: non-convergence,
var2,9,L1,0.0001,excluded: non-convergence,
var2,9,L2,100.0,converged,0.812397709399523
var2,9,L2,10.0,converged,0.40545632476541266
var2,9,L2,1.0,converged,0.3178837283607981
var2,9,L2,0.1,converged,0.3141495374854754
var2,9,L2,0.01,converged,0.330873170351492
var2,9,L2,0.001,converged,0.34032252501169735
var2,9,L2,0.0001,converged,0.34483938840035167
var2,10,L1,1.0,converged,12.900827139703562
var2,10,L1,0.3,converged,4.332559274406477
var2,10,L1,0.1,converged,1.3301275091416123
var2,10,L1,0.03,converged,0.6756282688920383
var2,10,L1,0.01,converged,0.40157217109447607
var2,10,L1,0.003,converged,0.297331198459735
var2,10,L1,0.001,converged,0.26486183762642734
var2,10,L1,0.0003,excluded: non-convergence,
var2,10,L1,0.0001,excluded: non-convergence,
var2,10,L2,100.0,converged,0.6651264266552398
var2,10,L2,10.0,converged,0.3374673316964625
var2,10,L2,1.0,converged,0.27873673824671186
var2,10,L2,0.1,converged,0.30027851117324894
var2,10,L2,0.01,converged,0.33650370409318725
var2,10,L2,0.001,converged,0.3572518986358344
var2,10,L2,0.0001,converged,0.47125764589048097
var2,11,L1,1.0,converged,12.930059929443027
var2,11,L1,0.3,converged,4.27924206563966
var2,11,L1,0.1,converged,1.252464250292154
var2,11,L1,0.03,converged,0.6501554460935252
var2,11,L1,0.01,converged,0.3927532925920169
var2,11,L1,0.003,converged,0.30730938418797854
var2,11,L1,0.001,converged,0.2813544462635998
var2,11,L1,0.0003,excluded: non-convergence,
var2,11,L1,0.0001,excluded: non-convergence,
var2,11,L2,100.0,converged,0.593197222433189
var2,11,L2,10.0,converged,0.3355608407337874
var2,11,L2,1.0,converged,0.2938353010362189
var2,11,L2,0.1,converged,0.32707094709077317
var2,11,L2,0.01,converged,0.36522634501831885
var2,11,L2,0.001,converged,0.39992716122754496
var2,11,L2,0.0001,converged,0.6031837285825916
var2,12,L1,1.0,converged,12.951617988544603
var2,12,L1,0.3,converged,4.270460593497793
var2,12,L1,0.1,converged,1.2828602544700973
var2,12,L1,0.03,converged,0.6274266564362331
var2,12,L1,0.01,converged,0.3934609828679803
var2,12,L1,0.003,excluded: non-convergence,
var2,12,L1,0.001,excluded: non-convergence,
var2,12,L1,0.0003,excluded: non-convergence,
var2,12,L1,0.0001,excluded: non-convergence,
var2,12,L2,100.0,converged,0.5478268049755093
var2,12,L2,10.0,converged,0.3042293255208377
var2,12,L2,1.0,converged,0.2826087689967858
var2,12,L2,0.1,converged,0.33331047384220824
var2,12,L2,0.01,converged,0.34515504954717385
var2,12,L2,0.001,converged,0.5099659168908885
var2,12,L2,0.0001,converged,1.181777087748032
var2,13,L1,1.0,converged,13.076394305495066
var2,13,L1,0.3,converged,4.295172793605791
var2,13,L1,0.1,converged,1.2631179785164226
var2,13,L1,0.03,converged,0.6398631001251973
var2,13,L1,0.01,converged,0.4157343015766354
var2,13,L1,0.003,excluded: non-convergence,
var2,13,L1,0.001,converged,0.27952128500749396
var2,13,L1,0.0003,excluded: non-convergence,
var2,13,L1,0.0001,excluded: non-convergence,
var2,13,L2,100.0,converged,0.5309774506870604
var2,13,L2,10.0,converged,0.3126297471286138
var2,13,L2,1.0,converged,0.29675533891168326
var2,13,L2,0.1,converged,0.360468768917851
var2,13,L2,0.01,converged,0.39246812595878866
var2,13,L2,0.001,converged,0.6671508383609381
var2,13,L2,0.0001,converged,2.5282285750144653
var2,14,L1,1.0,converged,13.118708042712896
var2,14,L1,0.3,converged,4.348103098619233
var2,14,L1,0.1,converged,1.2883673596973602
var2,14,L1,0.03,converged,0.6341419576169627
var2,14,L1,0.01,converged,0.4089566943726697
var2,14,L1,0.003,excluded: non-convergence,
var2,14,L1,0.001,converged,0.26883514851664553
var2,14,L1,0.0003,excluded: non-convergence,
var2,14,L1,0.0001,excluded: non-convergence,
var2,14,L2,100.0,converged,0.5145617889281054
var2,14,L2,10.0,converged,0.2969835846808167
var2,14,L2,1.0,converged,0.3034338399445113
var2,14,L2,0.1,converged,0.3682619340845033
var2,14,L2,0.01,converged,0.430094213275577
var2,14,L2,0.001,converged,0.9823776225928582
var2,14,L2,0.0001,converged,4.493250769492983
var2,15,L1,1.0,converged,13.318862853681535
var2,15,L1,0.3,converged,4.36320664327102
var2,15,L1,0.1,converged,1.271309279911831
var2,15,L1,0.03,converged,0.6477372052913961
var2,15,L1,0.01,converged,0.42548780201318165
var2,15,L1,0.003,converged,0.30108326752752756
var2,15,L1,0.001,converged,0.27579778136487326
var2,15,L1,0.0003,excluded: non-convergence,
var2,15,L1,0.0001,excluded: non-convergence,
var2,15,L2,100.0,converged,0.514959320511067
var2,15,L2,10.0,converged,0.30620970442179896
var2,15,L2,1.0,converged,0.31563843933099667
var2,15,L2,0.1,converged,0.39436619297496683
var2,15,L2,0.01,converged,0.5045707767037594
var2,15,L2,0.001,converged,1.8090868574125605
var2,15,L2,0.0001,converged,11.893075061776575
var2,16,L1,1.0,converged,13.372155449387611
var2,16,L1,0.3,converged,4.42685831647374
var2,16,L1,0.1,converged,1.3026814564528024
var2,16,L1,0.03,converged,0.6496887517392514
var2,16,L1,0.01,converged,0.42533188245671866
var2,16,L1,0.003,converged,0.2941660672876316
var2,16,L1,0.001,converged,0.2794433710923891
var2,16,L1,0.0003,excluded: non-convergence,
var2,16,L1,0.0001,excluded: non-convergence,
var2,16,L2,100.0,converged,0.5049527282711306
var2,16,L2,10.0,converged,0.3013363099107893
var2,16,L2,1.0,converged,0.3379488155674929
var2,16,L2,0.1,converged,0.397994784860064
var2,16,L2,0.01,converged,0.6342865249837724
var2,16,L2,0.001,converged,2.6712219530497965
var2,16,L2,0.0001,converged,19.175709292428227
var2,17,L1,1.0,converged,13.460016274814707
var2,17,L1,0.3,converged,4.448550373109901
var2,17,L1,0.1,converged,1.289593908377669
var2,17,L1,0.03,converged,0.6626965492812344
var2,17,L1,0.01,converged,0.43501837694107
var2,17,L1,0.003,excluded: non-convergence,
var2,17,L1,0.001,converged,0.28159254290902214
var2,17,L1,0.0003,excluded: non-convergence,
var2,17,L1,0.0001,excluded: non-convergence,
var2,17,L2,100.0,converged,0.5098041631665476
var2,17,L2,10.0,converged,0.30901675484113594
var2,17,L2,1.0,converged,0.34533199033898165
var2,17,L2,0.1,converged,0.42837161817874536
var2,17,L2,0.01,converged,0.8443464949395298
var2,17,L2,0.001,converged,5.693490851450049
var2,17,L2,0.0001,converged,40.606638959343634
var2,18,L1,1.0,converged,13.508552561134051
var2,18,L1,0.3,converged,4.526664613544818
var2,18,L1,0.1,converged,1.3105355497994078
var2,18,L1,0.03,converged,0.6678360768649421
var2,18,L1,0.01,converged,0.42454161191840684
var2,18,L1,0.003,excluded: non-convergence,
var2,18,L1,0.001,converged,0.28938068596041755
var2,18,L1,0.0003,excluded: non-convergence,
var2,18,L1,0.0001,excluded: non-convergence,
var2,18,L2,100.0,converged,0.5013901034740327
var2,18,L2,10.0,converged,0.31232218129786815
var2,18,L2,1.0,converged,0.3811731970211747
var2,18,L2,0.1,converged,0.4372376728284899
var2,18,L2,0.01,converged,1.0974215635184157
var2,18,L2,0.001,converged,8.151625107234691
var2,18,L2,0.0001,converged,52.4279155086372
var2,19,L1,1.0,converged,13.583276338517157
var2,19,L1,0.3,converged,4.549439896947066
var2,19,L1,0.1,converged,1.2986325066384494
var2,19,L1,0.03,converged,0.6819421429013431
var2,19,L1,0.01,converged,0.44036804411054375
var2,19,L1,0.003,excluded: non-convergence,
var2,19,L1,0.001,converged,0.28602060694603837
var2,19,L1,0.0003,excluded: non-convergence,
var2,19,L1,0.0001,excluded: non-convergence,
var2,19,L2,100.0,converged,0.5072879619457197
var2,19,L2,10.0,converged,0.3177353150007127
var2,19,L2,1.0,converged,0.38154424051413244
var2,19,L2,0.1,converged,0.4770571427486462
var2,19,L2,0.01,converged,1.7054948352138752
var2,19,L2,0.001,converged,15.977838053635162
var2,19,L2,0.0001,converged,90.85765599633379
var2,20,L1,1.0,converged,13.6268393468882
var2,20,L1,0.3,converged,4.615507265248928
var2,20,L1,0.1,converged,1.3121771813877559
var2,20,L1,0.03,converged,0.6905073705009002
var2,20,L1,0.01,converged,0.4384042090456191
var2,20,L1,0.003,excluded: non-convergence,
var2,20,L1,0.001,converged,0.2884642080587927
var2,20,L1,0.0003,excluded: non-convergence,
var2,20,L1,0.0001,excluded: non-convergence,
var2,20,L2,100.0,converged,0.500487658562762
var2,20,L2,10.0,converged,0.3282247782291645
var2,20,L2,1.0,converged,0.42848083936623205
var2,20,L2,0.1,converged,0.5053341568831792
var2,20,L2,0.01,converged,2.1951769276528434
var2,20,L2,0.001,converged,20.661641856594123
var2,20,L2,0.0001,converged,100.23584308638789
