dataset,degree,regularization,alpha,status,cv_mse_mean,cv_mse_std,cv_r2_mean,cv_r2_std
var1,5,L1,0.01,converged,0.36027111708026405,0.03397817687768997,0.9629740406012115,0.003563911514351287
var1,5,L1,0.003,converged,0.39881548745050494,0.038606876438575355,0.9588256868368173,0.005507441378599832
var1,5,L1,0.03,converged,0.4211481536158989,0.04553459230977895,0.9569266131627099,0.0026441185784763593
var1,6,L1,0.01,converged,0.3682516085261274,0.033006851683344336,0.9621346395141851,0.003782274655783152
var1,6,L1,0.003,converged,0.40463306503651175,0.03718568296054512,0.9581007898062349,0.00640484332842039
var1,6,L1,0.03,converged,0.4275523682793502,0.049798761134328545,0.9562707329243914,0.003281999690657305
var1,7,L1,0.01,converged,0.38473125706277733,0.036835952567602116,0.9604090468193848,0.004337405344561779
var1,7,L1,0.03,converged,0.4355869051495723,0.055671072653182184,0.9554339586586191,0.004310051460264372
var1,7,L1,0.003,converged,0.46527723617887845,0.055559627682984655,0.951941354836314,0.007333173784054484
var1,8,L1,0.01,converged,0.3957705584653118,0.04418359079571608,0.9593112575315651,0.004704188612351646
var1,8,L1,0.03,converged,0.43728347744915846,0.05616167268615661,0.9552342141474108,0.004625843693834594
var1,8,L1,0.003,converged,0.5251930034705854,0.0760294507804158,0.9460646304703164,0.007175222776103823
var1,5,L2,10.0,converged,0.5516125446007389,0.057203155906588095,0.9434039136831931,0.005048628526233829
var1,5,L2,100.0,converged,0.6736643910584739,0.09403924160934901,0.9314079861109361,0.003200388250432026
var1,5,L2,1.0,converged,0.9136686315208404,0.0977329788269515,0.9052904704752678,0.015654815194017162
var1,6,L2,10.0,converged,0.6318326311594913,0.05693239114686429,0.9351437464815795,0.005585004831625777
var1,6,L2,100.0,converged,0.6638401964959801,0.07039462180854716,0.9321435722878538,0.0029262867013983983
var1,6,L2,1.0,converged,1.2937806175749782,0.17374719720638113,0.8653528977165064,0.028329477399800802
var1,4,L2,10.0,converged,0.6997218532687339,0.07591023834476059,0.9279536024445688,0.009522539836682206
var1,4,L2,1.0,converged,0.7795908850698294,0.13201625185886504,0.9197802888397923,0.014626481926739715
var1,4,L2,0.1,converged,0.8207708575381455,0.14349151545185462,0.9155969092120877,0.015520926558626367
var1,7,L2,10.0,converged,0.7581540498904601,0.051432467956839686,0.9219766603078192,0.007222518990705785
var1,7,L2,100.0,converged,0.691405964701001,0.06731869347440698,0.9292547987283795,0.003113701367669217
var1,7,L2,1.0,converged,1.4412019540916652,0.1605072396467146,0.8517526731424114,0.019524063057607594
var2,10,L1,0.001,excluded: non-convergence,,,,
var2,10,L1,0.003,converged,0.3138187622841405,0.03205930264107885,0.9921124988591623,0.0015345359152591248
var2,10,L1,0.01,converged,0.4192062658666719,0.04168165579465888,0.989501612153599,0.0018889793567675992
var2,14,L1,0.001,converged,0.2834534072759232,0.021392347696595097,0.9928963230383119,0.0011671909592169858
var2,14,L1,0.01,converged,0.4017952528335026,0.03600717846520022,0.9899413538743156,0.0016899324155144266
var2,14,L1,0.03,converged,0.6465154835720431,0.06938311475746031,0.9839024774634456,0.0023463687675206067
var2,15,L1,0.001,excluded: non-convergence,,,,
var2,15,L1,0.003,excluded: non-convergence,,,,
var2,15,L1,0.01,converged,0.4013013784569835,0.032031356979716694,0.989956574030572,0.0016226283283396945
var2,16,L1,0.001,excluded: non-convergence,,,,
var2,16,L1,0.003,excluded: non-convergence,,,,
var2,16,L1,0.01,converged,0.40287099509726876,0.03337623121577763,0.989925215153011,0.0015998939029899508
var2,10,L2,1.0,converged,0.2784557739527702,0.0272757186509686,0.9930477208635289,0.0010515121589619858
var2,10,L2,0.1,converged,0.2912259348066312,0.027568810307662225,0.9927397261091823,0.0010420662938849402
var2,10,L2,0.01,converged,0.3377879584222373,0.03329171765626952,0.9916055977989474,0.0010825940870446676
var2,12,L2,1.0,converged,0.2781501663522591,0.020249202241062653,0.9930539629768171,0.0009801320879570085
var2,12,L2,10.0,converged,0.3065833238567468,0.027655430939474538,0.9923292976246578,0.001228181356268645
var2,12,L2,0.1,converged,0.31438111969809795,0.02423983075040846,0.9921776484272282,0.0009515338176474313
var2,8,L2,0.1,converged,0.29412839132995733,0.03309550054660261,0.9926788177008546,0.001047712261815788
var2,8,L2,0.01,converged,0.2975853936221995,0.03359401708675377,0.9926041951220814,0.001028520096440748
var2,8,L2,0.001,converged,0.30631790115444757,0.0364291768842849,0.9923856454630873,0.001135382305037387
var2,11,L2,1.0,converged,0.28672336111840363,0.0255879920015199,0.9928409857235796,0.0010619701732862896
var2,11,L2,0.1,converged,0.3083001030910192,0.026804012517396083,0.9923335845551335,0.0009532711824156156
var2,11,L2,10.0,converged,0.3252173915587269,0.03276998371014489,0.991860428385092,0.001348717028496121
