dataset,degree,alpha,terms,mse,r2
var1,1,0.0001,6,9.50762837941066,0.09060898915438098
var1,1,0.01,6,9.507623409955675,0.0906094644756189
var1,1,0.1,6,9.507578291800865,0.09061377996238107
var1,1,1.0,6,9.507132896896632,0.09065638134581999
var1,1,10.0,6,9.503227732923408,0.09102990467586713
var1,1,100.0,6,9.498990976259504,0.09143514437093536
var1,2,0.0001,27,3.3166768370549526,0.6827646200361258
var1,2,0.01,27,3.316652478721271,0.6827669498757878
var1,2,0.1,27,3.316431695062214,0.6827880675159474
var1,2,1.0,27,3.31428821400575,0.6829930884030582
var1,2,10.0,27,3.2987138705302526,0.6844827520069818
var1,2,100.0,27,3.429329559257105,0.6719895488164958
var1,3,0.0001,83,1.110975928467091,0.89373674671575
var1,3,0.01,83,1.1109203986417093,0.8937420580638613
var1,3,0.1,83,1.1104256611653702,0.8937893789935145
var1,3,1.0,83,1.1063465443812044,0.8941795406603024
var1,3,10.0,83,1.1004468524614843,0.8947438377262427
var1,3,100.0,83,1.413600945943041,0.8647910980673869
var1,4,0.0001,209,0.8955765465887603,0.9143393884898071
var1,4,0.01,209,0.8948169253717265,0.9144120451691441
var1,4,0.1,209,0.8881260821601716,0.9150520147208298
var1,4,1.0,209,0.8370140894656453,0.9199408034752857
var1,4,10.0,209,0.7217617272234526,0.930964526534208
var1,4,100.0,209,0.9613775029907806,0.9080456214356987
var1,5,0.0001,461,3.256943675345787,0.6884780112352746
var1,5,0.01,461,2.8649678494997217,0.725969936483966
var1,5,0.1,461,1.9032851382090974,0.8179535077841671
var1,5,1.0,461,0.8783898173115857,0.9159832744818539
var1,5,10.0,461,0.6275213937298607,0.9399784791960261
var1,5,100.0,461,0.7518714624375841,0.9280845735690744
var1,6,0.0001,923,7.561331122088302,0.2767695288401093
var1,6,0.01,923,6.278798553305526,0.3994419285831978
var1,6,0.1,923,3.2843623539819795,0.6858554539700985
var1,6,1.0,923,1.183517565806816,0.8867982432029679
var1,6,10.0,923,0.6717133040893696,0.9357515863864521
var1,6,100.0,923,0.7389599769192321,0.9293195386306536
var1,7,0.0001,1715,3.178458716566595,0.6959849849149518
var1,7,0.01,1715,2.981234944099291,0.7148491557312227
var1,7,0.1,1715,2.2232191355610995,0.7873522800494066
var1,7,1.0,1715,1.3146582938146492,0.8742548207586982
var1,7,10.0,1715,0.7768638352853398,0.9256940889707628
var1,7,100.0,1715,0.7970875463984851,0.9237597200242376
var1,8,0.0001,3002,2.6898672813873366,0.7427180545509485
var1,8,0.01,3002,2.5957307672297447,0.7517220770422611
var1,8,0.1,3002,2.1397145284826213,0.7953393758856104
var1,8,1.0,3002,1.495684164311621,0.8569399560215625
var1,8,10.0,3002,0.9400298768175058,0.9100874912448835
var1,8,100.0,3002,0.8027305536497055,0.9232199744784915
var1,9,0.0001,5004,3.1026960965498405,0.7032315707986145
var1,9,0.01,5004,3.006895743979539,0.71239473704646
var1,9,0.1,5004,2.481890787636223,0.7626107077276366
var1,9,1.0,5004,1.6618151896592115,0.8410497618485515
var1,9,10.0,5004,1.1341081923640377,0.8915241788692883
var1,9,100.0,5004,0.9846214750838541,0.9058223688605809
var1,10,0.0001,8007,3.4963787959742594,0.665576385541553
var1,10,0.01,8007,3.4049630398390627,0.6743201714323679
var1,10,0.1,8007,2.862916672152161,0.7261661286537778
var1,10,1.0,8007,1.8840625791381422,0.8197921179745308
var1,10,10.0,8007,1.29645457961435,0.8759959798992474
var1,10,100.0,8007,1.0108215686466682,0.9033163675089784
var2,1,0.0001,3,26.039038303621417,0.2799656665543163
var2,1,0.01,3,26.039066448361055,0.27996488829289956
var2,1,0.1,3,26.039322495515975,0.2799578080489836
var2,1,1.0,3,26.041901316779576,0.2798864982015169
var2,1,10.0,3,26.06945507601945,0.27912457863917084
var2,1,100.0,3,26.467304494081876,0.2681232030428037
var2,2,0.0001,9,18.467056409000108,0.4893469375822169
var2,2,0.01,9,18.467024556670754,0.4893478183663099
var2,2,0.1,9,18.466735629879963,0.4893558078015109
var2,2,1.0,9,18.463909545468056,0.4894339549965824
var2,2,10.0,9,18.441749216160108,0.490046734844906
var2,2,100.0,9,18.66037312650268,0.48400132257878126
var2,3,0.0001,19,10.74080384633447,0.70299411798589
var2,3,0.01,19,10.740797969206538,0.702994280500874
var2,3,0.1,19,10.740763038701786,0.7029952464030096
var2,3,1.0,19,10.742146495072502,0.7029569909162237
var2,3,10.0,19,10.861118470823767,0.6996671648381667
var2,3,100.0,19,12.518033358101672,0.6538499732611854
var2,4,0.0001,34,3.018433681664669,0.9165339418958052
var2,4,0.01,34,3.018560113126441,0.9165304457992043
var2,4,0.1,34,3.0197564562555566,0.9164973643882282
var2,4,1.0,34,3.0359064835708347,0.9160507820675796
var2,4,10.0,34,3.3791977370695205,0.9065580548013702
var2,4,100.0,34,6.3481697571198605,0.8244597159706877
var2,5,0.0001,55,1.4258238859800139,0.9605729620509921
var2,5,0.01,55,1.4254535182650843,0.9605832034995294
var2,5,0.1,55,1.4223470879790288,0.9606691028493569
var2,5,1.0,55,1.404564799142203,0.9611608206440184
var2,5,10.0,55,1.593771457406892,0.9559288574478909
var2,5,100.0,55,3.8397170159797525,0.8938237253625253
var2,6,0.0001,83,0.60192245148082,0.983355574576742
var2,6,0.01,83,0.602223515493642,0.9833472495217508
var2,6,0.1,83,0.6064945012884808,0.9832291477556993
var2,6,1.0,83,0.6521883921114789,0.981965615291956
var2,6,10.0,83,0.8795561118418456,0.9756784182528722
var2,6,100.0,83,2.321538570021735,0.9358045616991328
var2,7,0.0001,119,0.40662521022725967,0.9887559552394269
var2,7,0.01,119,0.4055460193234903,0.9887857971442621
var2,7,0.1,119,0.3999711966499415,0.9889399527502035
var2,7,1.0,119,0.4450509304583025,0.9876934030233614
var2,7,10.0,119,0.6679166309743839,0.9815306963116974
var2,7,100.0,119,1.5247963624245404,0.9578361643138693
var2,8,0.0001,164,0.30698488049543,0.9915112205286518
var2,8,0.01,164,0.300301778831109,0.9916960223863898
var2,8,0.1,164,0.29370384173743597,0.991878469264111
var2,8,1.0,164,0.32169970907778556,0.9911043244802448
var2,8,10.0,164,0.4493653344574997,0.9875741006523769
var2,8,100.0,164,1.0556003077387839,0.9708104249048995
var2,9,0.0001,219,0.3448393883989391,0.9904644635383053
var2,9,0.01,219,0.3308731703520016,0.9908506589263579
var2,9,0.1,219,0.3141495374854871,0.9913131026504088
var2,9,1.0,219,0.31788372836080314,0.9912098443961478
var2,9,10.0,219,0.4054563247654162,0.9887882773879862
var2,9,100.0,219,0.8123977093995243,0.9775354897381547
var2,10,0.0001,285,0.4712576459489473,0.9869687320620116
var2,10,0.01,285,0.3365037040938084,0.9906949627918673
var2,10,0.1,285,0.3002785111732439,0.9916966657862084
var2,10,1.0,285,0.2787367382467225,0.9922923412458596
var2,10,10.0,285,0.33746733169646687,0.9906683164560665
var2,10,100.0,285,0.6651264266552387,0.981607851346522
var2,11,0.0001,363,0.6031837290913081,0.9833206975903892
var2,11,0.01,363,0.3652263450179727,0.9899007211854193
var2,11,0.1,363,0.3270709470908833,0.9909557984195876
var2,11,1.0,363,0.29383530103624794,0.9918748341372108
var2,11,10.0,363,0.33556084073379067,0.990721034952561
var2,11,100.0,363,0.5931972224331887,0.9835968455641041
var2,12,0.0001,454,1.1817770883657424,0.9673213707748775
var2,12,0.01,454,0.34515504954671783,0.9904557348417427
var2,12,0.1,454,0.33331047384241314,0.9907832623438244
var2,12,1.0,454,0.2826087689968109,0.9921852714283145
var2,12,10.0,454,0.3042293255208398,0.9915874174360133
var2,12,100.0,454,0.5478268049755068,0.9848514333069913
var2,13,0.0001,559,2.5282285623824143,0.9300891474375156
var2,13,0.01,559,0.3924681259606089,0.9891474284810502
var2,13,0.1,559,0.3604687689177,0.9900322781997849
var2,13,1.0,559,0.2967553389116834,0.9917940889306959
var2,13,10.0,559,0.31262974712861213,0.9913551280594823
var2,13,100.0,559,0.5309774506870582,0.9853173534935439
var2,14,0.0001,679,4.493250741790972,0.8757521393399604
var2,14,0.01,679,0.4300942132661809,0.988106987802046
var2,14,0.1,679,0.3682619340851005,0.989816780744721
var2,14,1.0,679,0.30343383994455486,0.9916094142901216
var2,14,10.0,679,0.2969835846808158,0.9917877774537387
var2,14,100.0,679,0.5145617889281056,0.9857712811668647
var2,15,0.0001,815,11.893075060541172,0.6711313884182399
var2,15,0.01,815,0.5045707767226141,0.9860475537284681
var2,15,0.1,815,0.39436619297320774,0.989094942924544
var2,15,1.0,815,0.3156384393308913,0.9912719313738309
var2,15,10.0,815,0.30620970442180845,0.9915326557821725
var2,15,100.0,815,0.5149593205110677,0.9857602885800794
var2,16,0.0001,968,19.175709434938017,0.4697511866475711
var2,16,0.01,968,0.634286525038075,0.9824606396770862
var2,16,0.1,968,0.39799478486016054,0.9889946047050521
var2,16,1.0,968,0.3379488155672669,0.9906550024114411
var2,16,10.0,968,0.30133630991079025,0.991667415419892
var2,16,100.0,968,0.5049527282711314,0.9860369919624982
var2,17,0.0001,1139,40.60663900951236,-0.12285922051957576
var2,17,0.01,1139,0.844346494855675,0.9766520384304649
var2,17,0.1,1139,0.42837161817877617,0.9881546211896963
var2,17,1.0,1139,0.3453319903392643,0.9904508420556061
var2,17,10.0,1139,0.30901675484113655,0.9914550349171444
var2,17,100.0,1139,0.5098041631665476,0.9859028395544697
var2,18,0.0001,1329,52.42791578632964,-0.4497424581116798
var2,18,0.01,1329,1.0974215635489153,0.969653978967842
var2,18,0.1,1329,0.4372376728271093,0.9879094560774303
var2,18,1.0,1329,0.38117319702132524,0.9894597570907049
var2,18,10.0,1329,0.312322181297871,0.9913636329034533
var2,18,100.0,1329,0.5013901034740335,0.9861355060528108
var2,19,0.0001,1539,90.85765556307373,-1.5124058230943511
var2,19,0.01,1539,1.705494835436137,0.9528394703863726
var2,19,0.1,1539,0.4770571427494035,0.9868083637425543
var2,19,1.0,1539,0.3815442405138371,0.9894494969554919
var2,19,10.0,1539,0.31773531500070756,0.9912139483386039
var2,19,100.0,1539,0.5072879619457207,0.9859724178256688
var2,20,0.0001,1770,100.23584361376248,-1.7717325041825238
var2,20,0.01,1770,2.1951769268264445,0.9392987276691014
var2,20,0.1,1770,0.5053341568814088,0.9860264446568736
var2,20,1.0,1770,0.42848083936615744,0.9881516009934841
var2,20,10.0,1770,0.3282247782291376,0.9909238925548296
var2,20,100.0,1770,0.5004876585627613,0.9861604605581417
